Model,Train_RMSE,Test_RMSE,Test_MAE,Test_R2,Overfitting
XGBoost,0.008369,0.17228,0.135201,0.896731,0.163911
LightGBM,0.051851,0.19323,0.149887,0.870089,0.141379
CatBoost,0.006175,0.194864,0.14874,0.867882,0.188689
Dense_JAX,0.108455,0.20829,0.159965,0.849049,0.099835
