Month,Monthly_Return_Pct,Statistical_Significance
1,67.70921875463954,Strong
2,79.9887278969008,Strong
3,76.5093771291115,Strong
4,64.38754374796834,Strong
5,67.1393219358711,Strong
6,82.17180561140978,Strong
7,68.53495473258482,Strong
8,68.367948101009,Strong
9,66.82749179103283,Strong
10,71.13118795145957,Strong
11,76.86260837494703,Strong
12,63.80661718146978,Strong
